Site Code,Region,Site Name,LAT,LONG,Method,1990,1991,1992,1993,1994,1995,1996,1997,1998,1999,2000,2001,2002,2003,2004,2005,2006,2007,2008,2009,2010,2011,2012,2013,2014,2015,2016,2017,2018,2019,2020,2021,2022,2023
R1,West Siberia,Nadym; West Siberia ,65.33,72.9166,100/T/B10,,, , , , , ,119,134,129,126,132,143,126,134,141,129,129,136,101,114,129,134,136,164,163,186,148,178,176,197,196,199,199
R10,Russian Far East,Upper Kargoplgyno River; Chukotka,64.0833,177.0667,100,,,59,51,56,,, , , , , , , , , , , , , ,, , ,,,,,inactive ,inactive ,inactive ,inactive ,inactive ,inactive ,inactive 
R11,Russian Far East,"Mt. Dionisy, Chukotka",64.5667,177.2,100/T,,,,,,,50,47,45,53,46,47,52,55,64,62,,67,61,60,53,57,54,57,60,58,64,60,65,61,60,51,57,57
R12A,North East Siberia,Kuropatochya River; Kolyma   ,70.916,156.63,100/T/B15,,,,,,,37,, ,,,,,,,,,,, ,, , ,,,,,,,,,,,25
R12B,North East Siberia,Kuropatochya River; Kolyma   ,70.916,156.63,100,,,,,,,27,,,,,,,,,,,,,,,, ,,,,,inactive ,inactive ,inactive ,inactive ,inactive ,inactive ,
R13A,North East Siberia,"Cape Chukochii; edoma,Kolyma",70.0828,159.9199,100/T/B30,,,,,,,,37, ,36,33,38,44,49,,50,42,55,50,36,52,45,43,47, ,36,46,43,43,43,47,43,40,41
R13B,North East Siberia,"Cape Chukochi, alas, Kolyma ",70.0833,159.916,100,,,,,,,, , ,,31,39,38,48,,46,32,56,37,25,46,46,41,47,,27,41,38,44,44,46,44,33,33
R14,North East Siberia,"Chukochya River, Kolyma",69.4855,156.9911,100/T/B25,,,,,,,42,,41,38,41,,,,,47,44,,39,46,49,47,46,42,,48,41,49,47,49,48,48,,
R15A,North East Siberia,"Konkovaya River, Kolyma",69.4096,158.4524,100/T/B50,,,,,,,39,44,25,32,,36,,,,,30,60,38,28,48,32,30,30,,31,33,31,30,32,39,,33,35
R15B,North East Siberia,"Konkovaya River, Kolyma ",69.4128,158.4485,100/T/B50,,,,,,,, ,,36,,32,,,,,44,54,44,39,45,54,46,43,,44,41,39,40,41,42,,37,38
R16,North East Siberia,"Segodnya Pingo, Kolyma ",69.0881,158.8965,100,,,,,,,38,,,30,,,,,,54,42,75,49,43,56,72,54,50,57,60,57,56,52,51,56,52,46,35
R17,North East Siberia,Akhmelo channel; Kolyma,68.814,160.9922,100/T,,,,,,,44,56,43,,45,47,,51,55,54,53,60,49,47,56,61,53,55,64,55,57,55,70,55,73,63,63,51
R18,North East Siberia,Mt. Rodinka; Kolyma,68.7417,161.5038,100/T,,,,,,,45,67,72,74,75,75,76,81,85,82,83,86,80,78,84,84,77,74,79,83,85,87,89,90,84,66,70,
R18A,North East Siberia,Mt. Rodinka; Kolyma ( 10 m grid),68.75,161.5,10/T,,,,,,,,,,,,,,91,97,100,96,104,98,96,104,104,97,94,101,102,109,111,119,,117,72,103,
R19,North East Siberia,"Lake Glukhoe, Kolyma",68.8032,160.9572,100,,,,,,,72,56,65,67,72,,,84,92,95,93,,92,92,103,94,83,89,95,101,112,79,89,98,105,83,101,98
R1B,West Siberia,Nadym WET; West Siberia ,65.23375,72.518417,100,,,,,,,,,,,,,,,,,,,,,,, ,95,95,96,107,108,100,108,125,121,147,158
R2,Russian European North,"Ayach-Yakha, Vorkuta",67.583,64.183,100/T,,,,,,,70,63,65,64,69,73,76,77,78,81,84,89,87,86,89,88,91,93,91,90,92,80,85,86,90,91,90,94
R20,North East Siberia,"Malchilovskaya Channel, Kolyma",68.5195,161.4307,100,,,,,,,54,,48,52,46,50,,48,56,53,54,57,55,49,53,59,54,61,65,59,53,64,64,63,62,59,60,54
R21,North East Siberia,"Lake Akhmelo, Kolyma ",68.8322,161.025,100/T/B15,,,,,,,85,,70,83,84,84,,96,103,113,101,117,100,96,110,105,92,96,108,96,111,85,97,101,114,94,99,95
R22,North East Siberia,Alazeya River ,69.3159,154.9741,100/B23,,,,,,,,,46,46,,,,,51,53,,57,53,51,57,50,52,49,45,56,53,54,55,54,52,,58,54
R23,Russian European North,Talnik,67.33,63.733,100,,,,,,,,,76,91,111,111,110,113,125,131,137,138,152,144,138,144,161,156,,150,169,155,158,167,,151,178,
R24,Russian European North,Bolvansky,68.2891,54.5082,100,,,,,,,,,,89,106,106,104,113,120,115,114,125,124,112,104,107,135,117,102,110,111,88,110,104,120,128,118,
R24A,Russian European North,Kashin Island ,68.23,53.85,100,,,,,,,,,,,,,,,,,,, ,,58,64,88,87,65,80,109,76,84,83,123,98,115,
R25,North East Siberia,Jakutskoe Lake,69.8537,159.4893,100,,,,,,,,,,23,37,38,,,,55,45,65,43,42,65,60,41,41, ,39,42,43,49,48,51,,44,44
R26,North East Siberia,"Panteleikha, Kolyma",68.4167,161.2167,100,,,,,,,45,,,,,,,,,,,, ,,, , ,,,,,inactive ,inactive ,inactive ,inactive ,inactive ,inactive ,
R27,Russian Far East,Lavrentia,65.6,-171.05,100,,,,,,,,,,,59,60,62,64,65,67,59,74,61,64,74,65,67,69,70,72,67,67,78,78,,75,72,
R28,Central Siberia,Svjatoy Nos cape (East Siberian sea),72.857,141.0102,100,,,,,,,,,,,,38,,,,,,, ,,, , ,,,,,inactive ,inactive ,inactive ,inactive ,inactive ,inactive ,
R29A,Central Siberia,Bykovsky (Lena delta) (edoma),71.7855,129.4187,100,,,,,,,,,,,,27,,35,25,33,35,44,38,28,38,39,33,26,35,,,inactive ,inactive ,inactive ,inactive ,inactive ,inactive ,
R29B,Central Siberia,Bykovsky (Lena delta) (alas),71.7843,129.4014,100,,,,,,,,,,,,,,,26,33,32,44,37,25,28,35,30,24,33,30,30,26,36, ,41,31,35,32
R29C,Central Siberia,Bykovsky (Lena delta) (edoma new),71.786944,129.420833,100,,,,,,,,,,,,,,,,,,, ,,, , ,,,34,29,30,38,,42,36,38,34
R3,West Siberia,"Marre Sale, Yamal Peninsula",69.7166,66.75,1000/T/B10,,,,,,131,110,92,93,92,106,111,115,109,114,116,116,114,114,85,98,102,127,115,102,122,136,98,107,121,137,120,118,127
R30A,Kamchatka,Ploskii Tolbachik (Kamchatka),55.7507,160.2896,100,,,,,,,,,,,,,,78,67,71,73,72,73,80,76,72,76, ,,,,inactive ,inactive ,inactive ,inactive ,inactive ,inactive ,
R30B,Kamchatka,Ploskii Tolbachik (Kamchatka) 1,55.765,160.3237,100,,,,,,,,,,,,,,,49,56,54,53,56,63,58,59,57,,,,,inactive ,inactive ,inactive ,inactive ,inactive ,inactive ,
R30C,Kamchatka,Ploskii Tolbachik (Kamchatka) 2,55.8909,160.5375,100,,,,,,,,,,,,,,,,,44,45,49,49,50,50,48,46,,47,53,51,49,47,49,,52,51
R31,North East Siberia,Allaiha (Indigirka basin),70.5645,147.4315,100,,,,,,,,,,,,,,,39,42,44,48,47,49,52,52,50,47,47,46,49,41,39, ,,,,
R31A,North East Siberia,"Allaiha (Indigirka basin, alas)",70.5667,147.4167,100,,,,,,,,,,,,,,,,, ,,,,, , ,,,,47,38,37,,,,,
R32,Central Siberia,Talnah (Norilsk Region),69.433,88.466,100,,,,,,,,,,,,,,,,81,91,90,94,94,94,96,104,86,95,102,84,106,104,113,95,122,113,102
R35,North East Siberia,Omolon,68.7222,158.9032,100,,,,,,,,,,,,,,,,,,41,34,32,52,45,44,40,40,46,32,43,41,39,48,,39,37
R36,North East Siberia,Andryushkino,69.1667,154.4333,100,,,,,,,,,,,,,,,,38,37,43,43,41,31,35,34,44,38,38,42,43,44,43,43,,46,43
R37A,North East Siberia,Khomus-1,69.9833,153.5833,100,,,,,,,,,,,,,,,,51, ,,,,, , ,,,,,inactive ,inactive ,inactive ,inactive ,inactive ,inactive ,
R37B,North East Siberia,Khomus-2,69.9833,153.5833,100,,,,,,,,,,,,,,,,54,,,,,,, ,,,,,inactive ,inactive ,inactive ,inactive ,inactive ,inactive ,
R38A,North East Siberia,Mt. Rodinka (Control),68.7333,161.4,10/T,,,,,,,,,,,,,,115,129,148,137,151,133,122,145,149,130,124,132,134,135,136, , ,,,,
R38B,North East Siberia,Mt. Rodinka (Burn),68.7167,161.5333,10/T,,,,,,,,,,,,,,148,155,167,156, ,,,154,157,139,147,150,152,154,,,,,,,
R38C,North East Siberia,Mt. Rodinka (Station),68.7,161.55,10/T,,,,,,,,,,,,,,72,77,80,81,84,79,78,82,79,72,66,75,75,72,75,74,,71,51,53,
R4,West Siberia,"Parisento, Gydan Peninsula",70.1166,75.5833,1000,,,82,91,,94,,,,,,,,,,,, ,,,, , ,,,,,inactive ,inactive ,inactive ,inactive ,,,
R40,Central Siberia,Igarka,67.482,86.435,100,,,,,,,,,,,,,,,,,, ,74,71,67,70,69,72,79,89,93, ,94,88,101,102,105,103
R41,Russian Far East,Lorino,65.5397,-171.6302,100,,,,,,,,,,,,,,,,,, ,,,47,47,47,51,56,55,56,55,59,66,,62,60,
R42,Central Siberia,Tuymada (Yakutsk region),62.0133,129.657,50/TT,,,,,,,,,,,,,,,,,,,203,199,197,201,201,201,203,201,201,203,201,205,206,208,208,206
R43,Central Siberia,Neleger (Yakutsk region),62.3163,129.4997,50/TT,,,,,,,,,,,,,,,,,,,124,122,123,123,124,129,126,125,121,121,119,124,124,130,133,121
R44,Russian European North,Umbozero; Kola Peninsula,67.7724,34.182,100,,,,,,,,,,,,,,,,,,, ,, ,160,160,165,160,162,163, ,inactive , ,,,,
R45,Russian Far East,Kruglaya (Anadyr),64.6333,176.9667,100,,,,,,,,,,,,,,,,,,,,,42,44,44,47,49,44,49,49,46,50,50,45,46,46
R46,Central Siberia,Chara Belenky,56.7604,118.189,100,,,,,,,,,,,,,,,,,,,,, , , ,59,49, ,,,,,,,47,
R47,Central Siberia,Chara Most,56.9063,118.2807,100,,,,,,,,,,,,,,,,,,,,,,, ,55,42,,,,,,,,,
R5,West Siberia,"Vaskiny Dachy, Yamal Peninsula",70.283,68.9,100/T/B10,,,,84,85,95,89,81,93,87,92,92,92,,94,97,94,92,93,76,87,87,102,103,93,102,114,102,94,,104,101,102,
R50A,West Siberia,Urengoy Gas Field GP5,66.3154,76.9077,100/T/B10,,,,,,,,,,,,,,,,,,,84,65,77,72,87,70,76,85,74,67,111,103,120,114,120,
R50B,West Siberia,Urengoy Gas Field GP15,67,77,100/T/B10,,,,,,,,,,,,,,,,,,,84,65,80,82,95,92,84,93,96,93,101,102,,107,112,
R51,Central Siberia,Samoylov,72,126,150,,,,,,,,,,,,,,,,50,46,52,54,42,56,57,55,46,51,53, ,,54, ,59,63,52,57
R52,Russian European North,Seida,67.0356,62.55303,100,,,,,,,,,,,,,,,,,,, , ,, ,46,52,53,56,60,53,54,54,60,60,58,68
R53,West Siberia,Harp Polar Urals,66.723483,66.080488,100,,,,,,,,,,,,,,,,,,,,,,, ,,,,99,94,100,111,134,,90,125
R54A,West Siberia,"Gyda, Gydan Peninsula",70.8893,78.4171,50,,,,,,,,,,,,,,,,,,,,,,, ,,,,104,90,94,100,113,102,102,
R54B,West Siberia,"Gyda, Gydan Peninsula",70.8906,78.4308,P700,,,,,,,,,,,,,,,,,,,,,,, ,,,,66,61,60,63,73,70,63,
R54C,West Siberia,"Gyda, Gydan Peninsula",70.8699,78.5478,25,,,,,,,,,,,,,,,,,,,,,,, ,,,,,67,66,69,77,73,70,
R55,West Siberia,Bely Island (silt),73.32694,70.08528,50,,,,,,,,,,,,,,,,,,,,54,50,53,60,55,41,59,68,57,53,54,65,55,54,58
R55A,West Siberia,Bely Island (sand),73.32861,70.08833,25,,,,,,,,,,,,,,,,,,,,100,90,98,114,112,91,111,130,115,107,109,131,121,123,125
R56,West Siberia,Oktyabrskyy,66.709167,66.567778,100,,,,,,,,,,,,,,,,,,,,,,,,68,76,85,92,64,74,84,103,111,,
R57,West Siberia,Labytnangy,66.696667,66.358889,100,,,,,,,,,,,,,,,,,,,,,,,,43,51,46,52,37,45,50,56,57,,
R58,West Siberia,Erkuta,68.225278,69.144444,100,,,,,,,,,,,,,,,,,,,,,,,,,,,,82,84,94,102,101,,
R59,West Siberia,Salekhard,66.54395,66.73125,100,,,,,,,,,,,,,,,,,,,,,,,,,,,,,,,,59,65,72
R5A,West Siberia,"Vaskiny Dachi, Yamal Peninsula",70.2755,68.8916,50,,,,,,,,,,,,,,,,,,72,75,47,67,67,77,80,71,76,87,66,66,72,76,76,77,
R5B,West Siberia,"Vaskiny Dachi, Yamal Peninsula",70.2955,68.8835,50,,,,,,,,,,,,,,,,,,72,73,81,65,65,77,78,70,77,91,75,70,73,82,82,84,
R5C,West Siberia,"Vaskiny Dachi, Yamal Peninsula",70.3014,68.8413,50,,,,,,,,,,,,,,,,,,112,113,82,106,114,128,126,111,129,144,118,116,114,135,123,125,
R5D,West Siberia,"Vaskiny Dachi, Yamal Peninsula",70.274167,68.890778,50,,,,,,,,,,,,,,,,,,, ,,, , ,,41,48,54,39,40,46,51,52,49,
R6,Central Siberia,"Labaz Lake, Taimyr   ",72.383,99.5,100/T,,,,,42,50,,,,,,,,,,,,,,,,, ,,,, ,inactive ,inactive ,inactive ,inactive ,inactive ,inactive ,
R60,West Siberia,Gornoknyazevsk,66.569882,66.880857,100,,,,,,,,,,,,,,,,,,,,,,,,,,,,,,,,80,85,74
R61,West Siberia,Novyy Urengoy,66.05003,76.64494,100,,,,,,,,,,,,,,,,,,,,,,,,,,,,,,,186,132,172,163
R7,Central Siberia,"Levinson Lessing Lake, Taimyr ",74.53,98.6,100/T,,,,,36,42,34,,,,,,,,,,,,,,,, ,,,,,inactive ,inactive ,inactive ,inactive ,inactive ,inactive ,
R8,Central Siberia,"Tiksi (Game), Lena Delta ",71.583,128.783,1000/T,,,,,,,,40,40,42,47,,,,,,,,,,,, ,,,,,inactive ,inactive ,inactive ,inactive ,inactive ,inactive ,
R9,Russian Far East,Cape Rogozhny; Chukotka,64.7833,176.9667,100/T,,,,,43,42,49,50,38,39,42,44,46,50,57,57,53,59,52,52,52,51,53,52,59,55,60,55,51,60,55,49,52,53
